{"cameraMode":{"drawMode":0,"name":"Shaded","section":"Shading Mode"},"sceneLighting":true,"audioPlay":false,"sceneViewState":{"showFog":true,"showMaterialUpdate":false,"showSkybox":true,"showFlares":true,"showImageEffects":true,"showParticleSystems":true},"in2DMode":false,"pivot":{"x":5.455529689788818,"y":6.469214916229248,"z":2.6961870193481447},"rotation":{"x":0.08754820376634598,"y":0.8975093960762024,"z":-0.20712946355342866,"w":0.379354327917099},"size":6.662013053894043,"orthographic":false}