{"cameraMode":{"drawMode":0,"name":"Shaded","section":"Shading Mode"},"sceneLighting":true,"audioPlay":false,"sceneViewState":{"showFog":true,"showMaterialUpdate":false,"showSkybox":true,"showFlares":true,"showImageEffects":true,"showParticleSystems":true},"in2DMode":false,"pivot":{"x":31.766403198242189,"y":-24.601425170898439,"z":38.2642822265625},"rotation":{"x":-0.24497286975383759,"y":-0.27406248450279238,"z":0.0724104568362236,"w":-0.9271649718284607},"size":75.37828826904297,"orthographic":false}